title,dod,name,born,awards,Occupation,Filmography
Aadhi (actor),,Aadhi Pinisetty,,,Film actor,
Aadukalam Murugadoss,,Murugadoss,,,Film actor,
Aadukalam Naren,,Narayanan,,,Actor,
Aarthi Aggarwal,,,,,,
Abbas (actor),,Mirza Abbas Ali,21-05-1975,,,
Abhinaya (actress),,Abhinaya Anand,,,,
Abhirami (actress),,Divya Gopikumar,,,,
Abitha,,Jenila,,,Film actor,
Aishwarya Rai Bachchan,,,1/11/1973,,,
Ajith Kumar,,Ajith Kumar Subramani,1/5/1971,,"Film actor,Promotional model,Auto racing,Philanthropist",
Ajmal Ameer,,,,,"Film actor,Physician",
Akkineni Nagarjuna,,,29-08-1959,,"Actor,Film producer,Businessman,Philanthropist",
Allari Naresh,,Edara Naresh,30-06-1982,,,
Alpha Piscium,,,,,,
Amala (actress),,Amala Mukherjee,,,"Actress,Social activist,Chairperson",
Amala Paul,,,26-10-1990,,,
Ambika (actress),,,16-11-1962,,,
Ameesha Patel,,Amisha Amit Patel,9/6/1975,,,
Amy Jackson,,Amy Louise Jackson,31-01-1992,,"Actress,Model (person)",
Ananya (actress),,Ayilya Gopalakrishnan Nair,29-03-1987,,,
Andrea Jeremiah,,Andrea Jeremiah,21-12-1985,,"Actress,Singer,Musician,Voice Actress,Dancer",
Anita Hassanandani Reddy,,Anita Hassanandani,,,,
Anjala Zaveri,,,20-04-1972,,,
Anjali (actress born 1986),,Anjali,11/9/1986,,,
Anju Aravind,,Anju Aravind,,,,
Ankitha,,Ankitha Jhaveri,,,,
Annapoorna (actress),,,,,,
Anu Aggarwal,,,11/1/1969,,,
Anu Hasan,,Anuradha Chandrahasan,15-07-1970,,"Actress,Model (person),TV anchor,Entrepreneur",
Anu Prabhakar,,Anu Prabhakar,9/11/1980,,,
Anuja Iyer,,,,,,
Anupama Kumar,,,4/12/1974,,,
Anushka Shetty,,Sweety Shetty,7/11/1981,,,
Aparnaa Bajpai,,Aparna Bajpai,,,Actress,
Aravind Akash,,,,,,
Archana (actress),,,,,"Actress,Dancer",
Archana Gupta,,,,,"Film actress,Model (person)",
Arjun Sarja,,Srinivasa Sarja,15-08-1964,,,
Arulnithi,,Arulnithi Tamilarasu,,,,
Arun Vijay,,Arun,19-11-1977,,Film actor,
Arvind Swamy,,,,,,
Arya (actor),,Jamshad Ceethirakath,,,,
Ashima Bhalla,,,,,Actress,
Ashish Vidyarthi,,,,,,
Ashok (actor),,Ashok Kumar Balakrishnan,,,,
Ashok Selvan,,Ashok Selvan,8/11/1989,,Film actor,
Ashwin Kakumanu,,Ashwin Kakumanu,,,Film actor,
Asin,,Asin Thottumkal,26-10-1985,,"Actor,Model (person)",
Atharvaa,,Atharvaa Murali,7/5/1989,,Film actor,
Atul Kulkarni,,अतुल कुलकर्णी,10/9/1965,,Actor,
Azhagam Perumal,,,,,,
B. Saroja Devi,,,7/1/1945,,,
Bala (actor),,Bala Kumar,19-12-1982,,,
Bala Saravanan,,பாலா சரவணன்,2/11/1987,,,
Bala Singh,,,,,Actor,
Bentley Mitchum,,,22-02-1967,,"Actor,Film director,Screenwriter",
Bhama,,"ഭാമ,Rekitha Rajendra Kurup",23-05-1988,,,
Bhanumathi Ramakrishna,24-12-2005,,7/9/1925,,,
Bhanupriya,,Manga Bhama,,,,
Bharath,,,21-07-1983,,,
Bharath Reddy,,,,,,
Bharathi Vishnuvardhan,,,15-08-1950,,,
Bhavana (actress),,Karthika Menon,6/6/1986,,,
Bhavana Rao,,,,,Film actor,
Bhumika Chawla,,Rachna Chawla,21-08-1978,,Actress,
Biju Menon,,ബിജു മേനോൻ,9/9/1970,,,
Bindu Madhavi,,,14-06-1986,,Actress,
Bipasha Basu,,,7/1/1979,,,
Brahmanandam,,,1/2/1956,,,
Brinda Parekh,,Brinda Parekh,3/11/1984,,,
Catherine Tresa,,Catherine Tresa Alexandar,,,,
Chandini Tamilarasan,,,,,Film actor,
Charle,,Manohar Velmurugan Thangasamy,6/3/1960,,,
Charmy Kaur,,Charmi Kaur,17-05-1987,,,
Charuhasan,,,,,,
Chaya Singh,,Chaya Singh,16-05-1981,,,
Cheran (director),,"சேரன்,Cheran",12/12/1970,,,
Chinni Jayanth,,Krishnamurthy Narayanan,26-07-1960,,,
Chitti Babu (actor),8/11/2013,Sajjadh Adeebh,10/1/1964,,,
Cho Ramaswamy,,,5/10/1934,,,
Cochin Haneefa,2/2/2010,,22-04-1951,,,
Daisy Bopanna,,"ಡೈಸಿ ಬೋಪಣ್ಣ,Daisy Bopanna",,,Actress,
Daniel Balaji,,,,,,
Deeksha Seth,,,14-02-1990,,,
Deepika Padukone,,,,,,
Delhi Ganesh,,Ganesan,1/8/1944,,,
Devadarshini,,Devadarshini Sukumaran,,,,
Devayani (actress),,Devayani Jayadev,22-06-1974,,,
Devika,2/5/2002,Prameela Devi,25-04-1943,,,
Dhamu,,,,,,
Dhansika,,,,,,
Dhanush,,Venkatesh Prabhu Kasthuri Raja,28-07-1983,,,
Dhivyadharshini,,Dhivyadharshini Neelakandan,17-02-1985,,,
Dinesh Ravi,,Dinesh Ravi,,,,
Disha Pandey,,,,,,
Divya Unni,,,2/9/1981,,,
Dulquer Salmaan,,,,,"Film actor,Playback singer",
Easwari Rao,,Easwari Rao,,,,
Elango Kumaravel,,,,,,
Esha Deol,,Esha Dharmendra Deol,2/11/1981,,Actor,
Farjana,,,,,"Actress,Choreographer,Model (person)",
G. V. Prakash Kumar,,,,,,
Gajala,,,,,,
Ganesh Venkatraman,,Ganesh Venkatraman,,,,
Ganeshkar,,,,,,
Ganja Karuppu,,,5/1/1976,,,
Gautami Tadimalla,,Gautami Tadimalla,,,Actress,
Gautham Karthik,,,12/9/1989,,,
Gautham Menon,,,25-02-1973,,,
Gayathri Raguram,,,,,Film actor,
Gayathrie,,Gayathrie Shankar,,,Film actress,
Gayatri Jayaraman,,,27-09-1984,,,
Geetha (actress),,Geetha,,,,
Geetu Mohandas,,Gayathri Mohandas,14-02-1981,,,
Gemini Ganesan,22-03-2005,Ganapathi Subramania Sarma,17-11-1920,,,
Genelia D'Souza,,Genelia D'Souza,5/8/1987,,,
Girija (actress),,,,,,
Girish Karnad,,,19-05-1938,,,
Gopika,,Girly Anto,21-08-1984,,,
Goundamani,,Subramani Karuppaiya,,,Film actor,
Gowri Munjal,,Gowri Munjal,6/6/1985,,,
Hamsavardhan,,Hamsavardhan,,,Actor,
Hansika Motwani,,,9/8/1991,,,
Hariharan (singer),,,,,Playback singer,
Haripriya,,Shruthi C,,,,
Harish Raghavendra,,,7/1/1976,,Playback singer,
Harish Uthaman,,,5/4/1982,,Film actor,
Hazel Keech,,Rose Dawn,,,"Model (person),Actress",
Heera Rajagopal,,Heera Rajagopal,29-12-1971,,"Actress,Philanthropist,Blog,Activist",
Ileana D'Cruz,,,1/11/1987,,"Actress,Model (person)",
Iniya,,Shruti Sawant,,,,
Isha Koppikar,,Isha Koppikar,19-09-1976,,,
Ishita Sharma,,Ishita Sharma,2/12/1992,,,
Iyshwarya Rajesh,,,10/1/1990,,,
J. K. Rithesh,,Mugavai Kumar,,,,
J. P. Chandrababu,8/3/1974,,5/8/1927,,"Comedian,Actor,Film director,Playback singer,Singer,Dancer",
Jackie Shroff,,Jaikishen Kakubhai Shroff,,,,
Jagan,,Jagan Purushottam,,,,
Jagapati Babu,,Veeramachaneni Jagapati Rao Chowdary,12/2/1962,,,
Jai (actor),,,6/4/1985,,,
Jai Akash,,Satish Nageswaran,,,,
Jaishankar,3/6/2000,Subramaniam Shankar,12/7/1938,,,
Janagaraj (actor),,Janagaraj,,,,
Janani Iyer,,Janani Iyer,,,,
Jaya Prada,,Lalita Rani,3/4/1962,,,
Jayabharathi,,Lakshmi Bharathi,,,,
Jayachitra,,Lakshmi,9/9/1957,,,
Jayalalithaa,,Komalavalli,24-02-1948,,,
Jayam Ravi,,Ravi Mohan,10/9/1980,,,
Jayamalini,,Alivelu Manga,22-12-1958,,,
Jayanthi (actress),,Kamala Kumari,,,"Film actor,Film Producer,Playback singer",
Jayaram,,Jayaram Subramaniam,10/12/1965,,,
Jayasudha,,Sujatha,17-12-1958,,,
Jayasurya,,Jayan Maradu,30-08-1978,,,
Jeevan,,,,,,
Jiiva,,Amar,4/1/1984,,,
Jithan Ramesh,,Ramesh Choudary,23-10-1982,,"Film actor,Film producer",
John Shea,,John Victor Shea III,14-04-1949,,,
John Vijay,,,20-11-1976,,Actor,
Jomol,,"Joma John, stage name Jomol",4/10/1982,,Film actress,
Juhi Chawla,,,13-11-1967,,,
Jyothi Krishna,,Jyothi Krishna,,,Film actor,
Jyothika,,Jyothika Sadanah,18-10-1978,,Film actress,
Jyothirmayi,,,,,,
K. Bhagyaraj,,Krishnasaamy Bhagyaraj,7/1/1953,,Music composer,
K. P. A. C. Lalitha,,Maheshwari Amma,,,,
K. R. Vijaya,,,,,,
K. S. Ravikumar,,K. S. Ravikumar,30-05-1958,,,
Kajal Aggarwal,,,19-06-1985,,,
Kajol,,Kajol Mukherjee,5/8/1974,,,
Kalabhavan Mani,,Mani Raman,1/1/1971,,"Film actor,Playback singer,Music director",
Kalaranjini,,,,,,
Kalpana (Malayalam actress),,Kalpana Ranjani,,,,
Kamal Haasan,,,7/11/1954,,Playback singer,
Kamalinee Mukherjee,,,4/3/1980,,Film actress,
Kamna Jethmalani,,,10/12/1985,,"Actress,Model (person)",
Kanaka (actress),,Kanaka Mahalakshmi,14-07-1973,,,
Kanchana (actress),,Vasundhara Devi,16-08-1939,,,
Kangana Ranaut,,,23-03-1987,,,
Kanika (actress),,Divya Venkatasubramaniam,3/7/1982,,TV anchor,
Karan (actor),,Raghu Kesavan,19-08-1969,,,
Karisma Kapoor,,Karishma Kapoor,25-06-1974,,"Actress,Businesswoman",
Karpaga,,,,,,
Karthi,,Karthik Sivakumar,25-05-1977,,,
Karthik (actor),,Murali Karthikeyan,13-09-1960,,"Film actor,Playback singer",
Karthik Kumar,,,21-11-1977,,,
Karthika (actress),,Sunantha,,,Actress,
Karthika Adaikalam,,Karthika Adaikalam,,,,
Karthika Mathew,,Lidiya Jacob,,,,
Karunas,,Karunanidhi,21-02-1970,,,
Karunas,,Karunanidhi,21-02-1970,,,
Kasthuri (actress),,,,,Film actress,
Kausalya (actress),,Kavitha Shivashankar,30-12-1979,,,
Kaveri,,,,,,
Kavya Madhavan,,Kavya Madhavan,19-09-1984,,,
Keerthi Chawla,,Keerthi Chawla,,,,
Keerthi Reddy,,,,,,
Keerthy Suresh,,,,,,
Kelly Dorji,,,,,"Actor,Model (person)",
Kiran Rathod,,,11/1/1981,,,
Kirat Bhattal,,,,,,
Kishore (actor),,,14-08-1974,,,
Komal Sharma,,,,,,
Kota Srinivasa Rao,,,,,,
Kovai Sarala,,,7/4/1962,,,
Kreshna,,Krishna Kulasekaran,,,Actor,
Krishna Kumar (actor),,,,,"News presenter,Film actor",
Kunal (actor),7/2/2008,Kunal Singh,,,,
Kushboo,,Nakhat Khan,29-09-1970,,,
Laila Mehdin,,,24-10-1980,,Actress,
Lakshmi (actress),,Lakshmi Yaragudipati,13-12-1952,,Film actress,
Lakshmi Gopalaswamy,,"ಲಕ್ಷ್ಮೀ ಗೋಪಾಲಸ್ವಾಮಿ,Lakshmi Gopalaswamy",,,,
Lakshmi Manchu,,Manchu Lakshmi Prasanna,8/10/1972,,Television presenter,
Lal (actor),,Paul Michael,2/12/1958,,,
Lara Dutta,,,16-04-1978,,,
Laya (actress),,,31-01-1981,,,
Lekha Washington,,,30-04-1984,,,
Linda Arsenio,,,20-06-1978,,,
Lisa Ray,,Lisa Rani Ray,4/4/1972,,,
Lissy (Malayalam actress),,,3/2/1967,,,
Livingston (actor),,,,,"Film actor,Screenwriter",
M. G. Ramachandran,24-12-1987,,17-01-1917,,,
M. K. Radha,,,,,,
M. K. Thyagaraja Bhagavathar,1/11/1959,Mayavaram Krishnamurthy Thyagaraja Bhagavathar,7/3/1910,,,
M. N. Nambiar,19-11-2008,Manjeri Narayanan Nambiar,,,,
M. R. Radha,17-09-1979,,14-04-1907,,Actor,
M. S. Bhaskar,,Muthupandi Sundaram Bhaskar,,,,
M. S. Subbulakshmi,11/12/2004,,16-09-1916,,,
M. Sasikumar,,Mahalingam Sasi Kumar,28-09-1975,,,
Madhan Bob,,S. Krishnamoorthy,,,Film actor,
Madhavi (actress),,Vijayalakshmi,,,,
Madhoo,,Madhubala Raghunath,"1972-03-26,2000-11-16,2002-11-09",,,
Madhu Shalini,,,,,News presenter,
Madhumitha,,Swapna Madhuri,,,,
Mahadevan (actor),,Pithamagan Mahadevan,,,Actor,
Mahat Raghavendra,,Mahat Raghavendra,18-02-1987,,Film actor,
Mahendran (actor),,,23-01-1991,,Actor,
Malavika,,Shweta Konnur,19-07-1979,,Film actress,
Malaysia Vasudevan,20-02-2011,,15-06-1944,,,
Mallika (actress),,Reeja Johnson,,,Film actress,
Mallika Kapoor,,Mallika Kapoor,,,"Actress,Model (person)",
Mallika Sherawat,,Reema Lamba,24-10-1976,,,
Mammootty,,Muhammad Kutty Ismail Paniparambil,7/9/1951,,"Film actor,Film Producer",
Mamta Kulkarni,,,20-04-1972,,,
Mamta Mohandas,,,14-11-1984,,,
Manasi Parekh Gohil,,,10/7/1986,,Actress,
Mandira Bedi,,,15-04-1972,,Presenter,
Manisha Koirala,,Manisha Koirala,16-08-1970,,,
Manivannan,15-06-2013,S. Manivannan Rajagopal,31-07-1953,,,
Manjari Phadnis,,,10/7/1984,,"Actor,Model (person)",
Manjula Vijayakumar,23-07-2013,,9/9/1953,,Film actress,
Manobala,,Manobala Mahadevan,,,Actor,
Manoj Bharathiraja,,Manoj Bharathiraja,11/9/1976,,Film actor,
Manoj K. Jayan,,,15-03-1966,,,
Manorama (Tamil actress),,Gopishantha,26-05-1937,,,
Manya (actress),,,,,Film actress,
Mayilsamy,,R. Mayilsamy,5/6/1965,,,
Mayoori (actress),,,,,,
Meena (actress),,,,,,
Meenakshi (actress),,Pinky Sarkar,,,,
Meenakshi (Malayalam actress),,Maria Margaret Sharmilee,,,,
Meenakshi Seshadri,,Shashikala Seshadri,,,,
Meera Chopra,,,,,,
Meera Jasmine,,Jasmine Mary Joseph,,,,
Meera Nandan,,Meera Nandakumar,26-11-1990,,,
Meera Vasudevan,,Meera Vasudevan,29-01-1982,,,
Meghana Raj,,Meghana Sunder Raj,3/5/1990,,,
Meghna Naidu,,,19-09-1980,,"Actress,Dancer",
Menaka (actress),,Padmavathi,,,,
Michael Thangadurai,,,23-08-1983,,"Film actor,Dancer",
Milind Soman,,,4/11/1965,,"Actor,Model (person)",
Mithra Kurian,,Dalma Kurian,15-05-1989,,,
Mithun Tejasvi,,Mithun Tejasvi,15-12-1979,,Actor,
Miya George,,Gimi George,28-01-1992,,,
Mohan (actor),,Mohan Rao,,,,
Mohanlal,,Mohanlal Viswanathan Nair,,,Theatre actor,
Mohini (Tamil actress),,,9/6/1978,,Film actress,
Monal,,,,,,
Monal (actress),,,,,Film actor,
Monica (actress),,Rekha,25-08-1987,,,
Monisha Unni,5/12/1992,,24-01-1971,,,
Moon Moon Sen,,Moon Moon Sen,,,,
Mukesh Tiwari,,,,,Actor,
Mumtaz,,,,,,
Murali (Tamil actor),8/9/2010,,19-05-1964,,,
Murali (Tamil actor),8/9/2010,,19-05-1964,,,
N. Santhanam,,,21-01-1980,,,
Nadhiya,,Zareena,24-10-1966,,,
Naga Chaitanya,,Naga Chaitanya Akkineni,23-11-1986,,Actor,
Nagendra Prasad,,Nagendra Prasad Sundaram,,,"Actor,Choreographer",
Nagesh,31-01-2009,Nageswaran Ceiyur Krishna Gundu Rao,27-09-1933,,,
Nagma,,Nandita Arvind Morarji,25-12-1974,,,
Nakul (actor),,Nakul Jaidev,15-06-1984,,"Film actor,Playback singer",
Namitha,,,10/5/1981,,,
Nana Patekar,,Vishwanath Patekar,1/1/1951,,"Actor,Filmmaker",
Nandha Durairaj,,Govind Sendrampalayam Durairaj,,,Film actor,
Nandita Das,,,7/11/1969,,,
Nani (actor),,Naveen Babu Ghanta,24-02-1984,,,
Napoleon (actor),,Kumaresan Duraisamy,2/12/1963,,,
Narain (actor),,Sunil Kumar,7/10/1980,,,
Nassar,,Mehaboob Nasser,5/3/1958,,,
Navdeep,,Navdeep Pallapolu,26-01-1986,,Actor,
Navya Nair,,Dhanya Veena,14-10-1985,,,
Nayantara,,Diana Mariam Kurian,18-11-1984,,,
Nazriya Nazim,,,20-12-1994,,"Film actress,Dancer,Anchor,Model (person),Playback singer",
Nedumudi Venu,,K. Venugopal,22-05-1948,,,
Neetu Chandra,,,20-06-1984,,"Actress,Model (person)",
Nikita Thukral,,,,,,
Nisha Agarwal,,,,,"Model (person),Actress",
Nisha Noor,,,,,,
Nithin Sathya,,,9/1/1980,,,
Nizhalgal Ravi,,Ravichandran Samanna,16-04-1956,,,
Oviya,,Helen Nelson,29-04-1991,,Actress,
P. S. Keerthana,,,,,Film actress,
P. Vijay,,,20-10-1974,,,
Padmapriya Janakiraman,,Padmapriya Janakiraman,28-02-1980,,,
Padmini (actress),24-09-2006,Padmini,12/6/1932,,,
Paloma Rao,,,,,,
Pandari Bai,,Geetha,,,,
Pandiarajan,,Pandiarajan Rathnam,2/10/1959,,"Film actor,Film director,Screenwriter",
Paravai Muniyamma,,Muniyamma Karuppiah,,,,
Parvathy (Indian actress),,Parvathy Thiruvoth Kottuvata,,,"Actress,Dancer",
Pasupathy,,Pasupathy Ramasaamy solai,5/9/1969,,,
Pawan (actor),,,,,Film actor,
Perarasu,,,8/1/1976,,,
Piaa Bajpai,,,6/1/1989,,,
Ponnambalam (actor),,,11/11/1963,,,
Ponvannan,,,12/1/1952,,Actor,
Pooja Batra,,,27-10-1973,,,
Pooja Gandhi,,Pooja Gandhi,,,,
Pooja Hegde,,,,,,
Pooja Kumar,,,,,"Actress,Model (person),Television presenter,Television producer",
Pooja Umashankar,,Pooja Gauthami Umashankar,,,"Model (person),Actress",
Poonam Bajwa,,Poonam Amarjeet Singh Bajwa,5/4/1991,,,
Poornima Bhagyaraj,,Poornima Jayaram,18-07-1960,,,
Poornitha,,Kalyani,23-11-1990,,Actress,
Prabhu (actor),,Prabhu Ganesan,31-12-1956,,"Film actor,Film producer",
Prabhu Deva,,Prabhu Deva Sundaram,3/4/1973,,,
Pradeep Rawat (actor),,,21-01-1952,,,
Prakash Raj,,Prakash Rai,26-03-1965,,,
Pranitha Subhash,,"ಪ್ರಣಿತ ಸುಭಾಷ್,Pranitha Subhash",17-10-1992,,,
Prasanna (actor),,Prasanna Venkatesan,,,Film actor,
Prashanth (actor),,Prashanth Thiagarajan,,,Film actor,
Prathyusha,,,,,Film actor,
Praveen Gandhi,,,,,,
Preeti Jhangiani,,,,,"Actress,Model (person)",
Preetika Rao,,,29-05-1988,,,
Preity Zinta,,,31-01-1975,,,
Prithviraj Sukumaran,,Prithviraj Sukumaran,16-10-1982,,Playback singer,
Priya Anand,,,17-09-1986,,"Actress,Model (person)",
Priya Gill,,,9/12/1971,,,
Priya Raman,,,,,,
Priyadarshini (actress),,Priyadharshini Neelakandan,,,Actress,
Priyamani,,Priya Vasudev Mani Iyer,4/6/1984,,,
Priyanka,,,,,,
Priyanka Chopra,,,18-07-1982,,,
Priyanka Kothari,,Priyanka Kothari,30-11-1983,,,
Priyanka Upendra,,Priyanka Trivedi,,,,
R. K. (actor),,,,,,
R. Madhavan,,Madhavan Balaji Ranganathan,1/6/1970,,,
R. Muthuraman,,,,,,
R. Parthiepan,,Radhakrishnan Moorthi,15-11-1957,,,
R. Sarathkumar,,Ramanathan Sarathkumar,14-07-1954,,,
Raadhika Sarathkumar,,,21-08-1963,,"Actress,Film producer",
Raaghav,,Venkataraghavan Ranganathan,,,,
Raai Laxmi,,Lakshmi Raibagi,5/5/1989,,"Actress,Model (person)",
Raasi (actress),,,,,,
Rachana Maurya,,Rachana Maurya,,,,
Radha (actress),,,3/6/1965,,,
Radha Ravi,,Madras Rajagopal Radhakrishnan Ravi,29-07-1952,,Actor,
Raghava Lawrence,,Raghav Murugaiyan,9/1/1976,,"Film actor,Film Director,Dancer,Choreographer,Music Composer,Philanthropist",
Raghuvaran,19-03-2008,,,,,
Ragini Dwivedi,,Ragini Dwivedi,24-05-1990,,,
Rahman (actor),,Rashin Rahman,23-05-1967,,,
Rahul Dev,,Rahul Dev Samra,27-09-1968,,Film actor,
Rahul Ravindran,,Rahul Ravindran,23-06-1981,,Film actor,
Raja (Tamil actor),,,,,,
Raja Abel,,,9/11/1978,,,
Rajakumaran (director),,,,,,
Rajesh (actor),,,20-12-1949,,,
Rajinikanth,,,12/12/1950,,,
Rajiv Krishna,,Rajiv Gopalakrishna Menon,,,Film actor,
Rajkiran,,,26-08-1954,,,
Raju Sundaram,,Rajendra Sundaram,7/3/1968,,,
Rakshita,,Shwetha,31-03-1984,,,
Ramana (actor),,Amar Ramana,,,Film actor,
Ramarajan,,,18-10-1954,,,
Rambha (actress),,Vijayalakshmi,5/6/1975,,,
Ramesh Aravind,,,,,,
Ramesh Khanna,,,,,,
Ramesh Thilak,,,,,,
Ramya,,Divya Spandana,29-11-1982,,,
Ramya Krishnan,,,15-09-1967,,,
Ramya Raj,,Ramya Rajendran,,,,
Rani Mukerji,,,21-03-1978,,,
Ranjith (actor),,,,,,
Ranjitha,,,4/6/1975,,,
Rati Agnihotri,,Rati Agnihotri,10/12/1960,,"Model (person),Actress",
Ravali,,,,,,
Raveena Tandon,,,,,,
Ravi Krishna,,A. M. Ravi Krishna,2/3/1983,,,
Reemma Sen,,,29-10-1981,,,
Regina Cassandra,,Regina Cassandra,13-12-1988,,Actress,
Rekha (South Indian actress),,Josephine,18-05-1970,,Film actress,
Remya Nambeesan,,Remya Nambeesan,,,,
Renuka Menon,,,,,,
Revathi,,Asha Kutty,8/7/1966,,,
Richa Gangopadhyay,,Antara 'Richa' Gangopadhyay,20-03-1986,,"Actress,Model (person)",
Richa Pallod,,,30-08-1980,,,
Rishi (actor),,C. Rishi,,,,
Riya Bamniyal,,,,,"Model (person),Actress",
Riya Sen,,Riya Dev Varma,24-01-1983,,,
Robert (choreographer),,,,,Choreographer,
Rohini (actress),,,15-12-1968,,"Lyricist,Screenwriter,Voice actress",
Roja (actress),,Latha Nagaraja Reddy,17-11-1972,,,
Roja Ramani,,,16-09-1959,,,
Roland Kickinger,,,30-03-1968,,,
Roma Asrani,,Roma Asrani,25-08-1984,,,
Rukmini Vijayakumar,,,,,"Actress,Model (person)",
Rupa Manjari,,Sri Rupa Manjari,,,,
Rupini (actress),,Komal Mahuvakar,,,,
S. J. Surya,,Selvaraj Justin Surya,20-07-1968,,,
S. N. Lakshmi,,Lakshmi,,,,
S. P. B. Charan,,Charan Sripathi Panditaradhyula Balasubrahmanyam,7/1/1972,,"Actor,Singer,Film producer,Anchor",
S. P. Balasubrahmanyam,,శ్రీపతి పండితారాధ్యుల బాలసుబ్రహ్మణ్యం,4/6/1946,,,
S. Thaman,,,16-11-1983,,,
S. V. Ranga Rao,,,,,,
S. Ve. Shekher,,Sattanathapuram Venkataraman Sekhar,,,,
Sadha,,Sadaf Mohmad Sayed,,,,
Sai Kumar (Tollywood actor),,Pudipeddi Saikumar,,,,
Sajith Raj,,,28-04-1983,,,
Sakshi Shivanand,,Sakshi Shivanand,,,Actress,
Saloni Aswani,,Vandani Aswani,,,"Actress,Model (person)",
Samantha Ruth Prabhu,,Samantha Ruth Prabhu,28-04-1987,,,
Sameera Reddy,,,,,Actress,
Samiksha Bhatt,,,,,"Actress,Model (person)",
Sampath Raj,,,15-01-1976,,,
Samuthirakani,,,26-04-1973,,"Film director,Film actor,Screenwriter,Voice actor",
Samvrutha Sunil,,Samvritha Sunil,,,Film actress,
Samyuktha Varma,,സംയുക്ത വർമ്മ,,,,
Sana Khan,,,21-08-1987,,,
Sandhya (actress),,Revathy,27-09-1988,,,
Sangeetha (actress),,,,,,
Sanghavi,,Kavya Ramesh,,,,
Sangita,,Sangita,,,,
Sanjana Singh,,,,,Film actor,
Sanjjanaa,,Archana Galrani,,,"Actress,Model (person)",
Santhoshi,,Santhoshi Krishna Moorthy,31-03-1987,,,
Sanusha,,,,,Actress,
Sara Arjun,,,,,Actress,
Sarah-Jane Dias,,,3/12/1983,,"Actress,Musician",
Saranya Bhagyaraj,,,,,,
Saranya Mohan,,,19-02-1989,,,
Saranya Nag,,,,,Film actress,
Saranya Ponvannan,,,26-04-1970,,,
Sarath Babu,,,,,Actor,
Saritha,,Saritha,,,Film actress,
Sathish,,,,,,
Sathyan (Tamil actor),,Sathyan Sivakumar,11/6/1975,,,
Sathyaraj,,Rangaraj,,,,
Savitri (actress),26-12-1981,Savitri Nissankara,6/12/1933,,,
Sayaji Shinde,,,,,"Actor,Film producer",
Sayali Bhagat,,Sayali Bhagat,1/1/1984,,,
Seema (actress),,Shanthakumari,22-05-1957,,Film actress,
Seetha (actress),,,13-07-1964,,"Actor,Film producer",
Senthil (actor),,,23-03-1951,,,
Shaam,,Shamshuddin Ibrahim,4/4/1977,,"Film actor,Model (person)",
Shaji (writer),,,,,,
Shakeela,,C. Shakeela Begum,,,,
Shakthi Vasudevan,,Prashanth Vasudevan,23-02-1983,,,
Shalini Kumar,,,,,Actress,
Shamili,,,10/7/1987,,Actress,
Shamita Shetty,,,,,"Actress,Model (person),Interior design",
Shammu,,Sheerin Ramalingam,,,Actress,
Shamna Kasim,,Shamna Kasim,23-05-1989,,,
Shankar Panicker,,Shankar,13-09-1960,,,
Shanthanu Bhagyaraj,,,24-08-1986,,,
Shanthi Krishna,,,,,Actress,
Sharada (actress),,Saraswati Devi,12/6/1945,,,
Sharbani Mukherjee,,,,,Actress,
Sharmiela Mandre,,,28-10-1989,,,
Shazahn Padamsee,,,,,,
Sheela,,Sheela,22-03-1945,,,
Sherin,,Sherin Shringar,5/5/1986,,,
Shilpa Shetty,,Shilpa Shetty,8/6/1975,,"Actress,Model (person),Film producer",
Shiva (actor),,Shiva,10/12/1982,,"Actor,Radio jockey",
Shoba,1/5/1980,Mahalakshmi Menon,23-09-1962,,,
Shobana,,Shobana Chandrakumar Pillai,,,Mridangam,
Shriya Saran,,Shriya Saran,11/9/1982,,"Actress,Model (profession),Philanthropist",
Shriya Sharma,,,,,,
Shruthi Raj,,,,,,
Shruti (actress),,"ಶ್ರುತಿ,Girija",,,,
Shruti Haasan,,Shruti Haasan,28-01-1986,,Model (person),
Shruti Marathe,,,,,,
Shrutika,,,,,Film actor,
Shubha Phutela,22-10-2012,Shubha Phutela,5/5/1991,,,
Shubha Poonja,,Shubha Poonja,,,"Actress,Model (person)",
Sibiraj,,,,,Actor,
Siddharth (actor),,Siddharth Suryanarayan,17-04-1979,,"Film actor,Film producer,Playback singer",
Silambarasan,,Silambarasan Thesingu Rajendar,,,"Actor,Film director,Playback singer",
Silk Smitha,23-09-1996,Vijayalakshmi,2/12/1960,,,
Simran (actress),,Rishibala Naval,4/4/1976,,,
Sindhu Menon,,Sindhu Menon,,,,
Sindhu Tolani,,,19-07-1983,,Actress,
Sithara (actress),,,30-06-1973,,Actress,
Sivaji Ganesan,21-07-2001,Villuppuram Chinnaiahpillai Ganesan,1/10/1928,,,
Sivakarthikeyan,,சிவகார்த்திகேயன்,17-02-1985,,"Film actor,Stand-up comedian,Television presenter,Singer",
Sivakumar,,Palanichamy,27-10-1941,,,
Sneha (actress),,Suhasini Rajaram Naidu,12/10/1981,,Promotional model,
Snigdha Akolkar,,Snigdha Akolkar,3/5/1985,,,
Sona Heiden,,,1/6/1979,,Actress,
Sonali Bendre,,सोनाली बेंद्रे,1/1/1975,,,
Sonali Kulkarni,,,3/11/1974,,,
Sonia Agarwal,,,28-03-1982,,,
Sonia Deepti,,Sonia Deepti,29-07-1984,,Actress,
Sonu Sood,,,,,"Actor,Model (person)",
Soori (actor),,,27-08-1977,,,
Soundarya,17-04-2004,"ಸೌಮ್ಯ,Sowmya",18-07-1976,,,
Sri Divya,,,,,,
Sridevi,,Shree Amma Yanger Ayyapan,13-08-1963,,"Film actress,Film producer",
Sridevi Vijaykumar,,,29-10-1986,,Film actress,
Srikanth (actor),,,,,Film actor,
Sriman (actor),,K. Srinivasa Reddy,,,,
Srinath (actor),,,12/5/1968,,"Film actor,Film director",
Sripriya,,,,,,
Srividya,19-10-2006,,24-07-1953,,,
Sriya Reddy,,Sriya Reddy,3/4/1983,,,
Suchindra Bali,,,,,Actor,
Sudha Chandran,,,21-09-1964,,,
Suhani Kalita,,Suhani Kalita,25-12-1991,,,
Suhasini Maniratnam,,Suhasini Charuhasan,15-08-1961,,,
Sujatha (actress),6/4/2011,,10/12/1952,,,
Sukanya (actress),,Sukanya,8/7/1969,,,
Sukumari,26-03-2013,,6/10/1940,,,
Sulakshana (actress),,,,,,
Sumalatha,,,27-08-1963,,Actress,
Suman (actor),,Suman Talwar,28-08-1959,,Actor,
Suman Ranganathan,,,26-07-1974,,,
Suman Setty,,Suman Setty,1/5/1981,,,
Sumathi (actress),,,19-08-1964,,Film actress,
Sunaina,,,,,,
Sundar C.,,Vinayaga Sundara Vadivel Chidambaram Pillai,21-01-1968,,,
Sunder Ramu,,,,,,
Suresh (actor),,Mysore Seshaiah Suresh Babu,26-08-1964,,Actor,
Suriya,,Saravanan Sivakumar,23-07-1975,,,
Surya,,,,,,
Surya,,,,,,
Sushmita Sen,,,19-11-1975,,,
Suvalakshmi,,Suvalakshmi Munshi,19-08-1977,,Actress,
Swarnamalya,,Swarnamalya Ganesh,22-04-1981,,,
Swathi (actress),,,,,,
Swathi Reddy,,Swathi Reddy,9/4/1987,,"Actress,Television presenter,Playback singer,Voice actor",
T. Rajendar,,,9/5/1955,,"Film director,Actor,Songwriter,Screenwriter,Musician,Film producer,Cinematographer,Playback singer,Politician",
T. S. B. K. Moulee,,,,,,
Taapsee Pannu,,Taapsee Pannu,1/8/1987,,Model (person),
Tabu (actress),,Tabassum Hashmi,4/11/1971,,Actress,
Tamannaah,,Tamanna Bhatia,21-12-1989,,"Actress,Model (person)",
Tanikella Bharani,,,14-07-1954,,,
Tanishaa Mukerji,,,,,,
Tanu Roy,,Tanu Roy,,,,
Tanushree Dutta,,,19-03-1984,,"Actress,Model (person)",
Tarun Kumar,,Tarun Kumar Savvana,8/1/1983,,,
Tejashree,,Sonali Jaikumar Khele,,,,
Thangar Bachan,,Thangaraj,,,Cinematographer,
Tharika,,Nisha,,,Actress,
Trisha (actress),,,4/5/1983,,,
Uday Kiran,5/1/2014,Vajpeyajula Uday Kiran,26-06-1980,,,
Udhaya (actor),,,,,Actor,
Udhayanidhi Stalin,,Udhayanidhi Stalin,27-11-1977,,,
Uma (actress),,Uma Shankari Rajendra Babu,,,Film actor,
Urmila Matondkar,,,4/2/1974,,Television presenter,
Urvashi (actress),,Kavitha Ranjini,,,,
V. N. Janaki,19-05-1996,,,,,
Vadivelu,,,10/10/1960,,,
Vaibhav Reddy,,,7/1/1980,,,
Vaiyapuri,,Ramakrishnan,,,,
Vasundhara Das,,,,,,
Vasundhara Kashyap,,Vasundhara Chitralekha,,,,
Veda Sastry,,,,,,
Vedhicka,,Vedhika Pooja Kumar,21-02-1988,,,
Veera Bahu,,,,,,
Vega Tamotia,,,7/5/1985,,,
Venkat Prabhu,,Venkat Kumar Gangai Amaren,7/11/1975,,,
Vignesh (actor),,Raja,9/4/1968,,,
Vijay (actor),,Joseph Vijay Chandrasekhar,22-06-1974,,"Film actor,Playback singer,Film producer,Philanthropist",
Vijay Antony,,,24-07-1975,,,
Vijay Sethupathi,,Vijaya Gurunatha Sethupathi,16-01-1978,,"Actor,Film producer,Screenwriter,Playback singer,Lyricist",
Vijay Vasanth,,Vijayakumar Vasanthakumar,20-05-1983,,,
Vijayakanth,,Vijayaraj,25-08-1952,,,
Vijayakumar (actor),,Panchaksharam Rangasamy,,,,
Vijayalakshmi (Tamil actress),,Vijayalakshmi,,,,
Vijayashanti,,,24-06-1966,,,
Vikram (actor),,Kennedy Vinod Raj,17-04-1966,,"Film actor,Film producer,Playback singer,Voice Actor",
Vikram Prabhu,,,,,,
Vikranth,,,,,,
Vimal,,,,,Actor,
Vimala Raman,,,,,,
Vinay Rai,,,18-09-1979,,"Film actor,Model (person)",
Vinaya Prasad,,,,,,
Vindhya (actress),,,,,Film actor,
Vineeth,,Vineeth Radhakrishnan,23-08-1967,,,
Vinoth Kishan,,,,,Film actor,
Vishal (actor),,Vishal Krishna Reddy,,,,
Vishnu (actor),,Vishal Kudawla,17-07-1984,,Actor,
Vivek (actor),,,,,"Film actor,Playback singer,Comedian,Social Activist",
VTV Ganesh,,Ganesh Janardhanan,,,"Film actor,Film producer",
Vyjayanthimala,,Vyjayanthimala Raman,13-08-1936,,"Indian classical dance,Carnatic music,Professional golfer",
Y. G. Mahendra,,Y. Gee. Mahendran,9/1/1950,,,
Yogi (actor),,Yogi,,,,
Yugi Sethu,,,,,Show Host (page does not exist),
